timestamp,mood,note
4/21/2025 16:57:00,ğŸ˜•,calm morning
4/21/2025 15:23:00,ğŸ˜´,team frustration
4/21/2025 10:56:00,ğŸ˜Š,team frustration
4/21/2025 15:10:00,ğŸ˜´,quick win
4/22/2025 8:47:00,ğŸ˜´,team frustration
4/22/2025 9:07:00,ğŸ˜•,bugs everywhere
4/22/2025 11:40:00,ğŸ˜Š,client praised us
4/23/2025 10:36:00,ğŸ˜­,confused by ticket
4/23/2025 17:55:00,ğŸ˜•,bugs everywhere
4/23/2025 10:06:00,ğŸ˜Š,confused by ticket
4/24/2025 11:43:00,ğŸ˜•,bugs everywhere
4/24/2025 13:41:00,ğŸ˜­,coffee hit different
4/24/2025 9:11:00,ğŸ˜­,calm morning
4/25/2025 10:43:00,ğŸ˜,calm morning
4/25/2025 11:37:00,ğŸ˜Š,coffee hit different
4/25/2025 11:35:00,ğŸ˜,client praised us
4/26/2025 11:19:00,ğŸ˜­,client praised us
4/26/2025 17:51:00,ğŸ‰,quick win
4/26/2025 13:04:00,ğŸ˜­,calm morning
4/26/2025 16:54:00,ğŸ‰,team frustration
4/26/2025 17:48:00,ğŸ˜Š,calm morning
4/27/2025 13:29:00,ğŸ‰,calm morning
4/27/2025 15:07:00,ğŸ˜­,quick win
4/27/2025 14:33:00,ğŸ˜•,calm morning
4/28/2025 11:43:00,ğŸ˜ ,quick win
4/28/2025 9:33:00,ğŸ˜­,team frustration
4/28/2025 9:31:00,ğŸ˜•,quick win
4/28/2025 14:39:00,ğŸ˜­,quick win
4/28/2025 12:01:00,ğŸ˜´,laughing with team
4/28/2025 8:19:00,ğŸ˜­,quick win
4/29/2025 12:04:00,ğŸ˜´,laughing with team
4/29/2025 13:43:00,ğŸ˜,laughing with team
4/29/2025 14:12:00,ğŸ˜•,laughing with team
4/29/2025 16:00:00,ğŸ˜•,laughing with team
4/29/2025 17:29:00,ğŸ˜Š,quick win
4/29/2025 15:46:00,ğŸ˜­,bugs everywhere
4/30/2025 11:21:00,ğŸ˜ ,sleepy after lunch
4/30/2025 13:58:00,ğŸ˜´,bugs everywhere
4/30/2025 12:02:00,ğŸ˜­,team frustration
4/30/2025 10:35:00,ğŸ˜Š,confused by ticket
4/30/2025 15:04:00,ğŸ˜Š,coffee hit different
5/1/2025 13:33:00,ğŸ˜ ,sleepy after lunch
5/1/2025 13:39:00,ğŸ˜ ,quick win
5/1/2025 16:08:00,ğŸ˜,sleepy after lunch
5/1/2025 15:34:00,ğŸ˜ ,laughing with team
5/2/2025 16:06:00,ğŸ˜­,weird issue
5/2/2025 14:41:00,ğŸ‰,quick win
5/2/2025 9:43:00,ğŸ˜Š,bugs everywhere
5/3/2025 11:56:00,ğŸ˜­,coffee hit different
5/3/2025 13:24:00,ğŸ˜ ,coffee hit different
5/3/2025 15:00:00,ğŸ˜•,confused by ticket
5/4/2025 13:21:00,ğŸ˜­,sleepy after lunch
5/4/2025 15:18:00,ğŸ‰,sleepy after lunch
5/4/2025 9:12:00,ğŸ˜­,team frustration
5/5/2025 15:59:00,ğŸ˜Š,team frustration
5/5/2025 12:14:00,ğŸ˜Š,confused by ticket
5/5/2025 10:37:00,ğŸ˜,coffee hit different
5/6/2025 10:08:00,ğŸ˜ ,quick win
5/6/2025 17:38:00,ğŸ˜,bugs everywhere
5/6/2025 9:32:00,ğŸ˜­,client praised us
5/6/2025 8:33:00,ğŸ‰,bugs everywhere
5/6/2025 10:48:00,ğŸ˜­,calm morning
5/6/2025 8:37:00,ğŸ‰,team frustration
5/7/2025 14:31:00,ğŸ‰,coffee hit different
5/7/2025 9:06:00,ğŸ˜­,team frustration
5/7/2025 10:39:00,ğŸ˜­,weird issue
5/7/2025 8:30:00,ğŸ˜­,client praised us
5/7/2025 14:30:00,ğŸ˜ ,coffee hit different
5/8/2025 17:02:00,ğŸ‰,quick win
5/8/2025 14:32:00,ğŸ˜ ,quick win
5/8/2025 14:21:00,ğŸ˜Š,calm morning
5/8/2025 16:27:00,ğŸ˜Š,bugs everywhere
5/8/2025 10:05:00,ğŸ‰,bugs everywhere
5/9/2025 9:05:00,ğŸ˜­,client praised us
5/9/2025 8:10:00,ğŸ˜,quick win
5/9/2025 8:24:00,ğŸ˜´,sleepy after lunch
5/10/2025 10:30:00,ğŸ˜´,calm morning
5/10/2025 12:09:00,ğŸ‰,confused by ticket
5/10/2025 16:05:00,ğŸ˜´,client praised us
5/10/2025 9:06:00,ğŸ˜,calm morning
5/10/2025 13:45:00,ğŸ˜,confused by ticket
5/11/2025 10:30:00,ğŸ˜´,bugs everywhere
5/11/2025 12:31:00,ğŸ˜­,coffee hit different
5/11/2025 17:43:00,ğŸ˜´,team frustration
5/11/2025 13:43:00,ğŸ˜•,coffee hit different
5/11/2025 10:00:00,ğŸ‰,coffee hit different
5/12/2025 17:02:00,ğŸ˜Š,client praised us
5/12/2025 12:24:00,ğŸ˜Š,sleepy after lunch
5/12/2025 8:02:00,ğŸ˜•,laughing with team
5/12/2025 11:42:00,ğŸ˜ ,weird issue
5/12/2025 8:44:00,ğŸ˜•,weird issue
5/12/2025 8:38:00,ğŸ‰,coffee hit different
5/13/2025 11:22:00,ğŸ˜´,calm morning
5/13/2025 11:15:00,ğŸ‰,quick win
5/13/2025 14:22:00,ğŸ˜•,client praised us
5/13/2025 8:29:00,ğŸ˜,confused by ticket
5/14/2025 13:13:00,ğŸ˜Š,calm morning
5/14/2025 14:15:00,ğŸ˜´,client praised us
5/14/2025 16:28:00,ğŸ˜ ,weird issue
5/15/2025 8:03:00,ğŸ˜­,weird issue
5/15/2025 12:32:00,ğŸ˜´,coffee hit different
5/15/2025 8:57:00,ğŸ˜­,weird issue
5/15/2025 9:07:00,ğŸ‰,team frustration
5/15/2025 14:44:00,ğŸ˜ ,sleepy after lunch
5/15/2025 12:20:00,ğŸ˜•,bugs everywhere
5/16/2025 8:36:00,ğŸ‰,calm morning
5/16/2025 17:10:00,ğŸ˜Š,laughing with team
5/16/2025 16:39:00,ğŸ˜•,calm morning
5/16/2025 13:04:00,ğŸ˜Š,coffee hit different
5/16/2025 15:28:00,ğŸ˜­,team frustration
5/16/2025 8:21:00,ğŸ˜ ,bugs everywhere
5/17/2025 12:47:00,ğŸ˜­,confused by ticket
5/17/2025 14:24:00,ğŸ˜,confused by ticket
5/17/2025 15:55:00,ğŸ‰,calm morning
5/17/2025 17:03:00,ğŸ˜´,laughing with team
5/17/2025 16:58:00,ğŸ˜­,client praised us
5/17/2025 8:28:00,ğŸ˜ ,confused by ticket
5/18/2025 17:29:00,ğŸ˜´,quick win
5/18/2025 15:31:00,ğŸ˜­,quick win
5/18/2025 16:41:00,ğŸ‰,sleepy after lunch
5/18/2025 17:44:00,ğŸ˜Š,team frustration
5/18/2025 13:24:00,ğŸ˜Š,team frustration
5/19/2025 16:50:00,ğŸ‰,team frustration
5/19/2025 10:22:00,ğŸ˜´,calm morning
5/19/2025 15:04:00,ğŸ˜•,weird issue
5/19/2025 14:26:00,ğŸ‰,team frustration
5/19/2025 14:54:00,ğŸ˜ ,confused by ticket
5/20/2025 9:30:00,ğŸ‰,sleepy after lunch
5/20/2025 10:10:00,ğŸ˜,team frustration
5/20/2025 13:48:00,ğŸ˜ ,calm morning
5/20/2025 8:47:00,ğŸ˜´,calm morning
5/21/2025 9:41:00,ğŸ˜•,team frustration
5/21/2025 16:44:00,ğŸ‰,quick win
5/21/2025 13:55:00,ğŸ˜,weird issue
5/21/2025 16:19:00,ğŸ˜Š,quick win
5/21/2025 15:02:00,ğŸ˜•,coffee hit different